idx,path,true_label,pred_label,conf,GradCAM_DeletionAUC,GradCAM_InsertionAUC,ScoreCAM_DeletionAUC,ScoreCAM_InsertionAUC,Spearman_Grad_vs_Score,Top10Overlap_Grad_vs_Score,Spearman_Grad_vs_LIME,Spearman_Score_vs_LIME,Top10Overlap_Grad_vs_LIME,Top10Overlap_Score_vs_LIME
1,/content/drive/MyDrive/ASD/test/Autistic (10).jpg,Autistic,Autistic,0.9980183839797974,0.9384399652481079,0.9829678535461426,0.923527717590332,0.98337721824646,0.9015752922044278,0.43959827833572446,-0.09746325665616165,-0.05325946948567237,0.012410453031984662,0.1509520532232163
2,/content/drive/MyDrive/ASD/test/Autistic (138).jpg,Autistic,Autistic,0.9971488118171692,0.8002690076828003,0.9009527564048767,0.7249408960342407,0.8521448373794556,0.7920426734935427,0.5690383111806098,0.08163489560573474,0.12432943058743026,0.019301097114993903,0.02670623145400593
3,/content/drive/MyDrive/ASD/test/Non-Autistic (7).jpg,Non_Autistic,Non_Autistic,0.9870681762695312,0.5364099144935608,0.8165778517723083,0.6810440421104431,0.7582532167434692,0.8961657463689698,0.648431082635124,0.3981842302477713,0.4311375070748518,0.1573241061130334,0.2578663658016798
4,/content/drive/MyDrive/ASD/valid/Non_Autistic.26.jpg,Non_Autistic,Non_Autistic,0.885604977607727,0.30768975615501404,0.8160446882247925,0.31287723779678345,0.8224865198135376,0.9123788967589758,0.34938138784292627,-0.13893344886785153,-0.16641494565190418,0.10726109026704919,0.009659891326222579
5,/content/drive/MyDrive/ASD/test/Autistic (52).jpg,Autistic,Autistic,0.976068377494812,0.9437755346298218,0.8818145990371704,0.9296177625656128,0.9164410829544067,0.900869792421517,0.5527700402352212,-0.24831044651597575,-0.20191160312191733,0.010575083089938563,0.0004985541928407617
6,/content/drive/MyDrive/ASD/test/Autistic (15).jpg,Autistic,Autistic,0.9172208309173584,0.8833237290382385,0.8569619655609131,0.8783042430877686,0.7973828911781311,0.9352171433445527,0.6093023255813953,-0.264969203201599,-0.2706447321551513,0.023877551020408158,0.0422769294692012
7,/content/drive/MyDrive/ASD/test/Non-Autistic (63).jpg,Non_Autistic,Non_Autistic,0.7546435594558716,0.03631110489368439,0.7658240795135498,0.06595692783594131,0.6559813618659973,0.6417484861136994,0.6294251380318284,0.17158633824688146,0.0948003884094678,0.0,0.07985363753766679
8,/content/drive/MyDrive/ASD/test/Autistic (125).jpg,Autistic,Autistic,0.9593234062194824,0.911828875541687,0.9612734317779541,0.8919491171836853,0.9370633959770203,0.7957640681930781,0.5980251632425545,-0.3629324427406307,-0.250872938615223,0.0,0.0
9,/content/drive/MyDrive/ASD/test/Autistic (40).jpg,Autistic,Autistic,0.9127296805381775,0.6716772317886353,0.8895696997642517,0.6373639106750488,0.84834223985672,0.8587375132868925,0.31352271239691054,0.12896631753737356,0.10142638552345393,0.0,0.10385038503850383
10,/content/drive/MyDrive/ASD/valid/Autistic.28.jpg,Autistic,Autistic,0.9997451901435852,0.9748275876045227,0.9396786689758301,0.9693616032600403,0.9730276465415955,0.8622473275131907,0.5394292727830622,-0.09061150091672997,-0.043374574712505914,0.0,0.0