idx,filename,status,prediction_match,confidence_match,GradCAM_DeletionAUC,GradCAM_DeletionAUC_expected,GradCAM_DeletionAUC_match,GradCAM_InsertionAUC,GradCAM_InsertionAUC_expected,GradCAM_InsertionAUC_match,ScoreCAM_DeletionAUC,ScoreCAM_DeletionAUC_expected,ScoreCAM_DeletionAUC_match,ScoreCAM_InsertionAUC,ScoreCAM_InsertionAUC_expected,ScoreCAM_InsertionAUC_match,Spearman_Grad_vs_Score,Spearman_Grad_vs_Score_expected,Spearman_Grad_vs_Score_match,Top10Overlap_Grad_vs_Score,Top10Overlap_Grad_vs_Score_expected,Top10Overlap_Grad_vs_Score_match,Spearman_Grad_vs_LIME,Spearman_Grad_vs_LIME_expected,Spearman_Score_vs_LIME,Spearman_Score_vs_LIME_expected,Top10Overlap_Grad_vs_LIME,Top10Overlap_Grad_vs_LIME_expected,Top10Overlap_Score_vs_LIME,Top10Overlap_Score_vs_LIME_expected
1,Autistic (10).jpg,ok,True,True,0.938,0.938439965248108,True,0.9829,0.9829678535461426,True,0.918,0.923527717590332,True,0.9834,0.98337721824646,True,0.902,0.9015752922044278,True,0.44,0.4395982783357244,True,-0.073,-0.0974632566561616,-0.022,-0.0532594694856723,0.012,0.0124104530319846,0.151,0.1509520532232163
2,Autistic (138).jpg,ok,True,True,0.8,0.8002690076828003,True,0.9009,0.9009527564048768,True,0.7238,0.7249408960342407,True,0.8532,0.8521448373794556,True,0.792,0.7920426734935427,True,0.569,0.5690383111806098,True,0.064,0.0816348956057347,0.096,0.1243294305874302,0.0,0.0193010971149939,0.0,0.0267062314540059
3,Non-Autistic (7).jpg,ok,True,True,0.5389,0.5364099144935608,True,0.8166,0.8165778517723083,True,0.6822,0.6810440421104431,True,0.7577,0.7582532167434692,True,0.896,0.8961657463689698,True,0.648,0.648431082635124,True,0.255,0.3981842302477713,0.262,0.4311375070748518,0.07,0.1573241061130334,0.141,0.2578663658016798
4,Non_Autistic.26.jpg,ok,True,True,0.3062,0.307689756155014,True,0.8159,0.8160446882247925,True,0.3122,0.3128772377967834,True,0.8226,0.8224865198135376,True,0.912,0.9123788967589758,True,0.349,0.3493813878429262,True,-0.302,-0.1389334488678515,-0.321,-0.1664149456519041,0.039,0.1072610902670491,0.007,0.0096598913262225
5,Autistic (52).jpg,ok,True,True,0.9432,0.9437755346298218,True,0.8818,0.8818145990371704,True,0.9352,0.9296177625656128,True,0.9159,0.9164410829544068,True,0.901,0.900869792421517,True,0.553,0.5527700402352212,True,-0.284,-0.2483104465159757,-0.175,-0.2019116031219173,0.01,0.0105750830899385,0.0,0.0004985541928407
6,Autistic (15).jpg,ok,True,True,0.8835,0.8833237290382385,True,0.8563,0.8569619655609131,True,0.8791,0.8783042430877686,True,0.7968,0.7973828911781311,True,0.935,0.9352171433445527,True,0.609,0.6093023255813953,True,-0.305,-0.264969203201599,-0.318,-0.2706447321551513,0.024,0.0238775510204081,0.042,0.0422769294692012
7,Non-Autistic (63).jpg,ok,True,True,0.035,0.0363111048936843,True,0.7675,0.7658240795135498,True,0.0663,0.0659569278359413,True,0.6563,0.6559813618659973,True,0.642,0.6417484861136994,True,0.629,0.6294251380318284,True,0.156,0.1715863382468814,0.095,0.0948003884094678,0.0,0.0,0.079,0.0798536375376667
8,Autistic (125).jpg,ok,True,True,0.9098,0.911828875541687,True,0.9614,0.961273431777954,True,0.8891,0.8919491171836853,True,0.9373,0.9370633959770204,True,0.796,0.7957640681930781,True,0.598,0.5980251632425545,True,-0.297,-0.3629324427406307,-0.209,-0.250872938615223,0.0,0.0,0.0,0.0
9,Autistic (40).jpg,ok,True,True,0.6703,0.6716772317886353,True,0.8896,0.8895696997642517,True,0.6366,0.6373639106750488,True,0.8462,0.84834223985672,True,0.859,0.8587375132868925,True,0.314,0.3135227123969105,True,0.059,0.1289663175373735,0.059,0.1014263855234539,0.058,0.0,0.025,0.1038503850385038
10,Autistic.28.jpg,ok,True,True,0.9741,0.9748275876045228,True,0.9397,0.93967866897583,True,0.9627,0.9693616032600404,True,0.973,0.9730276465415956,True,0.862,0.8622473275131907,True,0.539,0.5394292727830622,True,-0.122,-0.0906115009167299,-0.08,-0.0433745747125059,0.0,0.0,0.0,0.0
